{
  "loss": [
    0.6324914693832397,
    0.48311591148376465,
    0.4523658752441406,
    0.4352319538593292,
    0.4266536831855774,
    0.4167613685131073,
    0.4118001461029053,
    0.40567702054977417,
    0.4007381498813629,
    0.3970489203929901,
    0.3899594843387604,
    0.38879358768463135,
    0.38901349902153015,
    0.3797416388988495,
    0.3743037283420563,
    0.37378066778182983,
    0.3699515163898468,
    0.36982643604278564,
    0.36606156826019287,
    0.36117684841156006,
    0.3583129048347473,
    0.3547639846801758,
    0.35289543867111206,
    0.353041410446167,
    0.34821635484695435,
    0.34684547781944275,
    0.3469170928001404,
    0.34290802478790283,
    0.34242790937423706,
    0.33862122893333435,
    0.3424108922481537,
    0.33804503083229065,
    0.3326817452907562
  ],
  "accuracy": [
    0.6864395141601562,
    0.7735785841941833,
    0.7900930643081665,
    0.7970374822616577,
    0.804495096206665,
    0.8088738322257996,
    0.8102250695228577,
    0.813817024230957,
    0.8165794610977173,
    0.818324089050293,
    0.8229252099990845,
    0.822642982006073,
    0.8219160437583923,
    0.8279197216033936,
    0.8310242295265198,
    0.8304511904716492,
    0.832743227481842,
    0.8325294256210327,
    0.8352490663528442,
    0.8384988903999329,
    0.8397389650344849,
    0.8410645723342896,
    0.8433480262756348,
    0.8414665460586548,
    0.8453236222267151,
    0.8461959362030029,
    0.8450413942337036,
    0.84712815284729,
    0.8475044369697571,
    0.8500530123710632,
    0.8476498126983643,
    0.8512588739395142,
    0.8536278605461121
  ],
  "auc": [
    0.7509816288948059,
    0.8513111472129822,
    0.8705294132232666,
    0.880190372467041,
    0.8855491280555725,
    0.8907222747802734,
    0.8933558464050293,
    0.8969720005989075,
    0.8995819687843323,
    0.901401162147522,
    0.9052433967590332,
    0.9057294130325317,
    0.9055760502815247,
    0.9102910757064819,
    0.912908136844635,
    0.9131326079368591,
    0.9151164293289185,
    0.9151021242141724,
    0.916875958442688,
    0.9192897081375122,
    0.9206143021583557,
    0.9222884178161621,
    0.923128604888916,
    0.9228897094726562,
    0.925241231918335,
    0.9258131384849548,
    0.9257476925849915,
    0.9275043606758118,
    0.9276818037033081,
    0.9294130206108093,
    0.9277459979057312,
    0.9296773076057434,
    0.9319600462913513
  ],
  "precision": [
    0.6864395141601562,
    0.7735785841941833,
    0.7900930643081665,
    0.7970374822616577,
    0.804495096206665,
    0.8088738322257996,
    0.8102250695228577,
    0.813817024230957,
    0.8165794610977173,
    0.818324089050293,
    0.8229252099990845,
    0.822642982006073,
    0.8219160437583923,
    0.8279197216033936,
    0.8310242295265198,
    0.8304511904716492,
    0.832743227481842,
    0.8325294256210327,
    0.8352490663528442,
    0.8384988903999329,
    0.8397389650344849,
    0.8410645723342896,
    0.8433480262756348,
    0.8414665460586548,
    0.8453236222267151,
    0.8461959362030029,
    0.8450413942337036,
    0.84712815284729,
    0.8475044369697571,
    0.8500530123710632,
    0.8476498126983643,
    0.8512588739395142,
    0.8536278605461121
  ],
  "recall": [
    0.6864395141601562,
    0.7735785841941833,
    0.7900930643081665,
    0.7970374822616577,
    0.804495096206665,
    0.8088738322257996,
    0.8102250695228577,
    0.813817024230957,
    0.8165794610977173,
    0.818324089050293,
    0.8229252099990845,
    0.822642982006073,
    0.8219160437583923,
    0.8279197216033936,
    0.8310242295265198,
    0.8304511904716492,
    0.832743227481842,
    0.8325294256210327,
    0.8352490663528442,
    0.8384988903999329,
    0.8397389650344849,
    0.8410645723342896,
    0.8433480262756348,
    0.8414665460586548,
    0.8453236222267151,
    0.8461959362030029,
    0.8450413942337036,
    0.84712815284729,
    0.8475044369697571,
    0.8500530123710632,
    0.8476498126983643,
    0.8512588739395142,
    0.8536278605461121
  ],
  "val_loss": [
    0.9380789399147034,
    0.8506781458854675,
    0.8387855291366577,
    0.8035093545913696,
    0.8516944050788879,
    0.8603543043136597,
    0.83414226770401,
    0.7465075254440308,
    0.848293125629425,
    0.7502297759056091,
    0.8793767094612122,
    0.8199473023414612,
    0.7348641753196716,
    0.8834162950515747,
    0.8923110961914062,
    0.9091165661811829,
    0.9918881058692932,
    0.802761435508728,
    0.7731371521949768,
    0.8652579188346863,
    0.8183871507644653,
    0.9242742657661438,
    0.9497625231742859,
    0.8763127326965332,
    0.8843129873275757,
    0.8361961841583252,
    0.9901443719863892,
    0.8767659068107605,
    0.9600948691368103,
    0.9737656116485596,
    0.8584904670715332,
    0.8898528814315796,
    0.8918994665145874
  ],
  "val_accuracy": [
    0.45820292830467224,
    0.5824684500694275,
    0.587319016456604,
    0.6105467677116394,
    0.5973129868507385,
    0.596251368522644,
    0.6276792287826538,
    0.6456171274185181,
    0.6238903403282166,
    0.6519502997398376,
    0.6283931136131287,
    0.6341771483421326,
    0.6597111821174622,
    0.6091006994247437,
    0.6237987875938416,
    0.6194973587989807,
    0.5924990177154541,
    0.6482346057891846,
    0.6547874212265015,
    0.6344882845878601,
    0.6475207209587097,
    0.6201013922691345,
    0.6286676526069641,
    0.641041100025177,
    0.6245309710502625,
    0.6455255746841431,
    0.6185272932052612,
    0.6445188522338867,
    0.608643114566803,
    0.6120842695236206,
    0.6476854681968689,
    0.6258305311203003,
    0.6374169588088989
  ],
  "val_auc": [
    0.410052627325058,
    0.5841085314750671,
    0.5920334458351135,
    0.6223780512809753,
    0.6054645776748657,
    0.5951576232910156,
    0.6365301609039307,
    0.6773689389228821,
    0.6346415281295776,
    0.6877304315567017,
    0.6476261019706726,
    0.6593409180641174,
    0.7065886855125427,
    0.6192169189453125,
    0.6386674642562866,
    0.6327446103096008,
    0.5912314057350159,
    0.6839768886566162,
    0.6900458931922913,
    0.6672307252883911,
    0.6862027049064636,
    0.6459940075874329,
    0.6515337228775024,
    0.6684106588363647,
    0.6483895778656006,
    0.6896822452545166,
    0.630835771560669,
    0.6799325942993164,
    0.6250784397125244,
    0.6237897872924805,
    0.6781684160232544,
    0.6498407125473022,
    0.6593006253242493
  ],
  "val_precision": [
    0.45820292830467224,
    0.5824684500694275,
    0.587319016456604,
    0.6105467677116394,
    0.5973129868507385,
    0.596251368522644,
    0.6276792287826538,
    0.6456171274185181,
    0.6238903403282166,
    0.6519502997398376,
    0.6283931136131287,
    0.6341771483421326,
    0.6597111821174622,
    0.6091006994247437,
    0.6237987875938416,
    0.6194973587989807,
    0.5924990177154541,
    0.6482346057891846,
    0.6547874212265015,
    0.6344882845878601,
    0.6475207209587097,
    0.6201013922691345,
    0.6286676526069641,
    0.641041100025177,
    0.6245309710502625,
    0.6455255746841431,
    0.6185272932052612,
    0.6445188522338867,
    0.608643114566803,
    0.6120842695236206,
    0.6476854681968689,
    0.6258305311203003,
    0.6374169588088989
  ],